,ID,Name,Lon,Lat,Formatted,Stars,Building,City_ID
0,51723ee3afcbe4364059d5b3ff6b1dd64440f00102f9014ab9c91a000000009203064175726f7261,Aurora,22.8937042790336,41.6728104,"Aurora, R1310, 2230 Berovo, North Macedonia",NR,unknown,51cfceb3a382da3640599b90d61874da4440f00101f90177c5680000000000c00208
1,51c1f979f8d7db364059c452a62daed94440f00103f901a600a81d0000000092031bd0a5d0bed182d0b5d0bb20d09cd0b0d0bdd0b0d181d182d0b8d180,Hotel Manastir,22.8587642,41.700628,"Manastir Hotel, Mosha Pijade, 2230 Berovo, North Macedonia",NR,unknown,51cfceb3a382da3640599b90d61874da4440f00101f90177c5680000000000c00208
2,516e6531144e55354059069c189a47834440f00102f901946b1f1a0000000092031bd09fd180d0b5d0bcd0b8d0b5d18020d0a6d0b5d0bdd182d0b0d180,Premier Centar,21.3332171867198,41.0256461,"Premier Centar, Stefan Naumov-Stiv 12, 7000 Bitola, North Macedonia",2,hotel,51d1f709568b54354059c504357c0b844440f00101f901eb32620000000000c00207
3,516380036af155354059c86b7cf0b8834440f00102f901b1c3450d0000000092030c526f626576736b69206c7578,Robevski lux,21.3356420768134,41.0291578,"Robevski lux, Sirok Sokak 61, 7000 Bitola, North Macedonia",NR,hotel,51d1f709568b54354059c504357c0b844440f00101f901eb32620000000000c00207
4,518c1766fc5656354059a116724a8a834440f00103f901a64867b70000000092030b546f6b696e20486f757365,Tokin House,21.3372648,41.0276578,"Tokin House, Marx and Engels, 7000 Bitola, North Macedonia",NR,unknown,51d1f709568b54354059c504357c0b844440f00101f901eb32620000000000c00207
5,5106722550fd5535405995e686c27d834440f00102f90177115b0200000000920317d0a5d0bed182d0b5d0bb20d095d0bfd0b8d0bdd0b0d0bb,Hotel Epinal,21.3358615642765,41.0272579,"Hotel Epinal, Sirok Sokak, 7000 Bitola, North Macedonia",NR,hotel,51d1f709568b54354059c504357c0b844440f00101f901eb32620000000000c00207
6,510ddd47c9064c3540592bc1b964e6844440f00102f90100f03d09000000009203054b61707269,Kapri,21.29697855,41.03828105,"Kapri, R2331, 7000 Bitola, North Macedonia",NR,unknown,51d1f709568b54354059c504357c0b844440f00101f901eb32620000000000c00207
7,51a82a7e9de555354059be71ca26af834440f00102f90106f03d09000000009203094d696c6c656e69756d,Millenium,21.3355349,41.0287827,"Millenium, Sirok Sokak 46, 7000 Bitola, North Macedonia",NR,hotel,51d1f709568b54354059c504357c0b844440f00101f901eb32620000000000c00207
8,517902bc60cb54354059d3f89be447834440f00103f901402d015c0100000092030c486f74656c20546561746172,Hotel Teatar,21.3312283,41.0256315,"Hotel Teatar, Stefan Naumov-Stiv 35, 7000 Bitola, North Macedonia",NR,unknown,51d1f709568b54354059c504357c0b844440f00101f901eb32620000000000c00207
9,514c5f19654756354059959240cd7f834440f00103f901af174f4602000000,Hotel Korzo,21.3370269,41.0273377,"Hotel Korzo, Marx and Engels, 7000 Bitola, North Macedonia",NR,unknown,51d1f709568b54354059c504357c0b844440f00101f901eb32620000000000c00207
10,513ca31731ad6f354059c4348e3e36004540f00102f90159f04d1c000000009203124275736869205265736f7274202620537061,Bushi Resort & Spa,21.436267266304,42.00176035,"Bushi Resort & Spa, Bozidar Adzija 21, 1000 Skopje, North Macedonia",5,hotel,513d64ca87a07035405905d0398952024540f00101f901c24c6a0000000000c00205
11,518e4d6d67d06f3540590f64502038004540f00102f9015cf04d1c00000000920310486f74656c204f6c642042617a616172,Hotel Old Bazaar,21.4367474449343,42.00173545,"Hotel Old Bazaar, Kavtandziska 105, 1000 Skopje, North Macedonia",NR,hotel,513d64ca87a07035405905d0398952024540f00101f901c24c6a0000000000c00205
12,518deb843c2770354059848f86eeedff4440f00103f901727557c80000000092030d486f74656c204465204b4f4b41,Hotel De KOKA,21.4380987,41.9994486,"Hotel De KOKA, Krste Misirkov 5, 1000 Skopje, North Macedonia",3,unknown,513d64ca87a07035405905d0398952024540f00101f901c24c6a0000000000c00205
13,513a6f8b585470354059b023bd7735004540f00102f90179e3840a0000000092030a486f74656c2041726b61,Hotel Arka,21.4387957571429,42.0016401,"Hotel Arka, Bitpazarska 90/2, 1000 Skopje, North Macedonia",NR,hotel,513d64ca87a07035405905d0398952024540f00101f901c24c6a0000000000c00205
14,51d8b27c5d86703540596a86dbe12f004540f00102f901967da4160000000092030ed0a5d0b0d0bcd0b1d183d180d0b3,Hamburg,21.43955025,42.00146125,"Hamburg, 113, 100 Skopje, North Macedonia",NR,hotel,513d64ca87a07035405905d0398952024540f00101f901c24c6a0000000000c00205
15,5153bd46dcad70354059f78df21d46004540f00103f901451c6ce400000000920308d093d0bed0bbd0b4,Gold,21.4401529,42.0021398,"Gold, Boulevard Krste Misirkov 13, 100 Skopje, North Macedonia",NR,unknown,513d64ca87a07035405905d0398952024540f00101f901c24c6a0000000000c00205
16,51a0dff76f5e70354059ad7360d449004540f00103f90145e16ce400000000920308d09ad0bbd0b0d0bd,Klan,21.438941,42.0022531,"Klan, Evlija Celebija, 100 Skopje, North Macedonia",NR,unknown,513d64ca87a07035405905d0398952024540f00101f901c24c6a0000000000c00205
17,512e82b5204a70354059cc334fa4eaff4440f00102f901b40159070000000092030753757065722038,Super 8,21.4386311,41.9993482,"Super 8, Goce Delcev Boulevard, 1000 Skopje, North Macedonia",NR,hotel,513d64ca87a07035405905d0398952024540f00101f901c24c6a0000000000c00205
18,51e9be9cd9ae70354059794a6c2343004540f00103f901411c6ce40000000092030cd0a1d183d0bbd182d0b0d0bd,Sultan,21.440168,42.0020489,"Sultan, Boulevard Krste Misirkov bb, 100 Skopje, North Macedonia",NR,unknown,513d64ca87a07035405905d0398952024540f00101f901c24c6a0000000000c00205
19,513dce3461fb71354059106d73fe81014540f00103f90165f3c31f0100000092030a416c626120486f74656c,Alba Hotel,21.445242,42.0117796,"Alba Hotel, Bulevard Cvetan Dimov, 100 Skopje, North Macedonia",NR,unknown,513d64ca87a07035405905d0398952024540f00101f901c24c6a0000000000c00205
20,519f1a2fdd2470354059223ccdae20004540f00103f9016066415801000000920313d0a5d0bed182d0b5d0bb20d090d0bbd0b5d0bd,Hotel Alen,21.4380625,42.0009974,"Hotel Aen, 191, 100 Skopje, North Macedonia",NR,unknown,513d64ca87a07035405905d0398952024540f00101f901c24c6a0000000000c00205
21,5181c52b5aca6f3540595c68ebd621004540f00103f901440b119601000000920302524d,RM,21.4366814,42.0010327,"RM, Leblebidziska, 100 Skopje, North Macedonia",NR,unknown,513d64ca87a07035405905d0398952024540f00101f901c24c6a0000000000c00205
22,514a8567f8057035405948cf86f2f4ff4440f00103f90192ec2896010000009203074465206b6f6b61,De koka,21.4375911,41.9996627,"De koka, Bitpazarska, 100 Skopje, North Macedonia",NR,unknown,513d64ca87a07035405905d0398952024540f00101f901c24c6a0000000000c00205
23,516464da482370354059e77bb6a915004540f00103f9011729602402000000920303446f61,Doa,21.4380384,42.0006611,"Doa, 190, 100 Skopje, North Macedonia",NR,unknown,513d64ca87a07035405905d0398952024540f00101f901c24c6a0000000000c00205
24,51b876a2242470354059d732c85345004540f00103f901902a60240200000092030653616e746f73,Santos,21.4380515,42.0021157,"Santos, Bojadziska, 100 Skopje, North Macedonia",NR,unknown,513d64ca87a07035405905d0398952024540f00101f901c24c6a0000000000c00205
25,5143fbfd07fd6f354059a12703ec48004540f00103f9010278d96801000000,Denis,21.4374547,42.0022254,"Denis, Saracka, 100 Skopje, North Macedonia",NR,unknown,513d64ca87a07035405905d0398952024540f00101f901c24c6a0000000000c00205
26,5154d7eb27ad6f3540599112e78d38004540f00103f9017962199501000000,BUSHI RESORT&SPA,21.4362359,42.0017259,"BUSHI RESORT&SPA, Kjurciska, 1111 Skopje, North Macedonia",NR,unknown,513d64ca87a07035405905d0398952024540f00101f901c24c6a0000000000c00205
27,51e82bccf651c5364059d1536f109dfb4440f00102f901fa65cb150000000092031fd0a5d0bed182d0b5d0bb20d09cd0b0d0bad0b5d0b4d0bed0bdd0b8d198d0b0,Hotel Makedonija,22.770781957543,41.96573075,"Hotel Macedonia, Marshal Tito, 2320 Delchevo, North Macedonia",NR,hotel,512571fb8adac6364059eb52c83ac1fb4440f00101f901c0a3680000000000c00207
28,5169f7f58df9bc3640596837a117eef44440f00103f901dea4ba1d00000000920321d09ed0b4d0bcd0b0d180d0b0d0bbd0b8d188d182d0b520d093d0bed0bbd0b0d0ba,Odmaraliste Golak,22.7381829,41.913516,"Resort Golak, R2343, 2320 Delchevo, North Macedonia",NR,unknown,512571fb8adac6364059eb52c83ac1fb4440f00101f901c0a3680000000000c00207
29,51e0cdbf023d813640592cb72cd1fe914440f00103f9016fc8798a0000000092030b486f6c696461792048616e,Holiday Han,22.5048372,41.1405889,"Holiday Han, Marshal Tito 110, 1480 Gevgelija, North Macedonia",NR,unknown,51ea72ef86d980364059b241cb5fc6914440f00101f9015a42630000000000c00207
30,5124da9fd51381364059a2d7c29e1b924440f00103f9016bc8798a0000000092030cd090d188d0b8d0bad0bed182,Asikot,22.5042089,41.1414679,"Asikot, Gevgeliski Partizanski odred, 1480 Gevgelija, North Macedonia",NR,unknown,51ea72ef86d980364059b241cb5fc6914440f00101f9015a42630000000000c00207
31,512acd9ce4fd80364059f6eb38f00f924440f00103f9011bbd80080100000092030f41706f6c6c6f6e696120486f74656c,Apollonia Hotel,22.5038741,41.1411114,"Apollonia Hotel, Gevgeliski Partizanski odred, 1480 Gevgelija, North Macedonia",NR,unknown,51ea72ef86d980364059b241cb5fc6914440f00101f9015a42630000000000c00207
32,511e4fcb0f5ce93440596cbbb465afe54440f00103f901a3fa04f90000000092030b486f74656c20456c697461,Hotel Elita,20.911561,41.7944152,"Hotel Elita, Boris Kirdich, 123 Gostivar, North Macedonia",NR,unknown,51d1b249d97de83440595d5ac3fb60e54440f00101f901f16f620000000000c00208
33,51837060cd5ce9344059184dc841aee54440f00103f901047c06f900000000920305456c697461,Elita,20.9115723,41.7943804,"Elita, Boris Kirdich, 123 Gostivar, North Macedonia",NR,unknown,51d1b249d97de83440595d5ac3fb60e54440f00101f901f16f620000000000c00208
34,514e2e7c3320e93440599f7f837ae9e54440f00103f9016e02947e00000000920305686f74656c,hotel,20.9106476,41.7961877,"hotel, blv. Goce Delchev, 123 Gostivar, North Macedonia",NR,unknown,51d1b249d97de83440595d5ac3fb60e54440f00101f901f16f620000000000c00208
35,51d4503058538d354059e725deb397ff4440f00102f901d9377e180000000092032dd091d0b5d181d18220d092d0b5d181d182d0b5d180d0bd20d0a5d0bed182d0b5d0bb20d091d0b5d0bbd0b2d0b8,Best Vestern Hotel Belvi,21.552013819221,41.99681215,"Best Western Hotel Bellevue, A202, 1041 Ilinden, North Macedonia",NR,hotel,513ebf396dd793354059dae731ca33ff4440f00101f901c62c6a0000000000c00207
36,51b0b8ee9c1c023640594259b61bd8b84440f00103f9011c7f3d160000000092030446656e69,Feni,22.0082491,41.4440951,"Feni, Severen, 1430 Kavadarci, North Macedonia",NR,unknown,516592ec6c23033640598e80c0b975b74440f00101f901d33a630000000000c00207
37,51b6813b50a70236405914d9b8544ab84440f00103f901d26b731900000000920308556e6950616c6173,UniPalas,22.0103655,41.4397684,"UniPalas, Bulevar Nikola Minchev, 1430 Kavadarci, North Macedonia",NR,unknown,516592ec6c23033640598e80c0b975b74440f00101f901d33a630000000000c00207
38,515552dd126fff354059fda31b5c84b84440f00103f90164196a2e01000000920313d0a3d0bdd0b820d09fd0b0d0bbd0b0d1812032,Uni Palas 2,21.9977886,41.4415393,"Uni Palas 2, Mosha Pijade, 1430 Kavadarci, North Macedonia",NR,unknown,516592ec6c23033640598e80c0b975b74440f00101f901d33a630000000000c00207
39,5107e5c02d51f53440596f103c9a44c14440f00102f90118a5870d00000000920317d0a5d0bed182d0b5d0bb20d09ad0b8d187d0b5d0b2d0be,Hotel Kicevo,20.9582543262509,41.50985065,"Hotel Kicevo, Rudnichka, 6250 Kichevo, North Macedonia",NR,hotel,518735954561f53440591d28a6c123c14440f00101f901613c620000000000c00207
40,519474b08e4bf6344059dd689cf870c24440f00102f9012643b60d0000000092030841726162656c6c6f,Arabello,20.9620904130606,41.5190726,"Arabello, Marsal Tito, 6250 Kichevo, North Macedonia",NR,hotel,518735954561f53440591d28a6c123c14440f00101f901613c620000000000c00207
41,51af7bf2241ff0344059dc7b6db388c14440f00102f901f589690e00000000920319d0a5d0bed182d0b5d0bb20d09ad180d183d188d0b8d0bdd0be,Hotel Krusino,20.9380130252914,41.51188475,"Hotel Krushino, Kicevo - Knezino, 6250 Kichevo, North Macedonia",NR,hotel,518735954561f53440591d28a6c123c14440f00101f901613c620000000000c00207
42,5126135c51efb8354059c80d86b35b114540f00103f901f37909a90000000092030841706172746d616e,Apartman,21.7224017,42.135611,"Apartman, Ivo Lola Ribar, 1300 Kumanovo, North Macedonia",NR,unknown,5133c34659bfb73540593d43ddac66114540f00101f901ad4e680000000000c00207
43,51c40253c6a3bb35405933aa2fc6760f4540f00102f901f68c252a00000000920317d0a5d0bed182d0b5d0bb20d09cd0b8d0bcd0bed0b7d0b0,Hotel Mimoza,21.7329666154499,42.1208172,"Hotel Mimoza, Titova Mitrovacka, 1300 Kumanovo, North Macedonia",NR,hotel,5133c34659bfb73540593d43ddac66114540f00101f901ad4e680000000000c00207
44,515a0e934499bb354059972c7fd1d00f4540f00102f9016bd6061f00000000920311486f74656c2042656c6c6120446f6e6e61,Hotel Bella Donna,21.7328278436973,42.1235586,"Hotel Bella Donna, Branko Bogdanski Gucman, 1300 Kumanovo, North Macedonia",NR,hotel,5133c34659bfb73540593d43ddac66114540f00101f901ad4e680000000000c00207
45,51ad40df8f7bbe354059c6f17794920f4540f00102f901a10a8c380000000092030c4b756d616e6f766f20537061,Kumanovo Spa,21.743966733281,42.1216012,"Kumanovo Spa, Kumanovska Banja, 1300 Kumanovo, North Macedonia",NR,hotel,5133c34659bfb73540593d43ddac66114540f00101f901ad4e680000000000c00207
46,51866fbc96ebba3540591f147c4ca4134540f00103f901c4e6f5b80000000092030ed0a1d0b0d182d0b5d0bbd0b8d182,Satelit,21.7301573,42.1534515,"Satelit, R2237, 1300 Kumanovo, North Macedonia",NR,unknown,5133c34659bfb73540593d43ddac66114540f00101f901ad4e680000000000c00207
47,51d3c32ba457be354059f8387a758e0f4540f00103f9011786410b0200000092030c4b756d616e6f766f20537061,Kumanovo Spa,21.7435248,42.121535,"Kumanovo Spa, R1204, 1300 Kumanovo, North Macedonia",NR,unknown,5133c34659bfb73540593d43ddac66114540f00101f901ad4e680000000000c00207
48,51593f49f06ecf34405951d95daa798d4440f00102f901e7463a2300000000920306554e49515545,UNIQUE,20.8102898627948,41.10529725,"UNIQUE, Partizanska 56, 6000 Ohrid, North Macedonia",5,hotel,51047058bf3ecd344059ebbb6c85fa8e4440f00101f901bcee620000000000c00208
49,51ad11667f45cb344059cf0529ea718e4440f00103f901d5d1cda60100000092030c56696c6c61205661726f7368,Villa Varosh,20.7940292,41.1128514,"Villa Varosh, Boro Shain 15A, 6000 Ohrid, North Macedonia",NR,unknown,51047058bf3ecd344059ebbb6c85fa8e4440f00101f901bcee620000000000c00208
50,518c0dddec0fcc34405922f8fcfd628e4440f00103f901e26f34ff0000000092031fd090d0bfd0b0d180d182d0bcd0b0d0bdd0b820d09cd0b0d180d0b8d198d0b0,Apartmani Marija,20.797118,41.112396,"Apartmani Marija, Car Samoil 34, 6000 Ohrid, North Macedonia",NR,unknown,51047058bf3ecd344059ebbb6c85fa8e4440f00101f901bcee620000000000c00208
51,5102c46ee9e2ce3440597f447892be8d4440f00103f90128d8565101000000920312486f74656c2056696c6c61204a6f7264616e,Hotel Villa Jordan,20.8081499,41.1073783,"Hotel Villa Jordan, Kej Makedonija, 6000 Ohrid, North Macedonia",NR,unknown,51047058bf3ecd344059ebbb6c85fa8e4440f00101f901bcee620000000000c00208
52,518c61f316b4cf34405984bf5e2ee28d4440f00103f90121f384970100000092030956696c61204e696b6f,Vila Niko,20.8113417,41.108465,"Vila Niko, Bulevar Turisticka, MK-6000 Ohrid, North Macedonia",NR,unknown,51047058bf3ecd344059ebbb6c85fa8e4440f00101f901bcee620000000000c00208
53,5179b82e466ec534405958be78c201904440f00103f901f15b599901000000920311477265656e20537061636520486f74656c,Green Space Hotel,20.7712139,41.1250537,"Green Space Hotel, Goce Delcev 389, 6000 Ohrid, North Macedonia",NR,unknown,51047058bf3ecd344059ebbb6c85fa8e4440f00101f901bcee620000000000c00208
54,5102482e7702cd344059831cd0f9178a4440f00102f90180329a0b00000000920328d0a5d0bed182d0b5d0bb20d0a1d0bbd0b0d0b2d0b8d198d0b020d0a1d0bfd0b5d0bad182d0b0d180,Hotel Slavija Spektar,20.8007299292223,41.07901255,"Hotel Slavija Spektar, Saint Naum of Ohrid Boulevard, MK-6000 Shipokno, North Macedonia",NR,unknown,51047058bf3ecd344059ebbb6c85fa8e4440f00101f901bcee620000000000c00208
55,519dc1ec0f17cc344059361e02aad48a4440f00102f90185329a0b00000000920322d0a5d0bed182d0b5d0bb20d098d0bdd0b5d0bad18120d093d0bed180d0b8d186d0b0,Hotel Ineks Gorica,20.7972498962111,41.0845657,"Hotel Inex Gorica, Saint Naum of Ohrid Boulevard, MK-6000 Ohrid, North Macedonia",NR,hotel,51047058bf3ecd344059ebbb6c85fa8e4440f00101f901bcee620000000000c00208
56,518445957e4acc34405939a49b945c8e4440f00102f901d034381200000000920321d0a5d0bed182d0b5d0bb20d090d0bbd0b5d0bad0b0d0bdd0b4d180d0b8d198d0b0,Hotel Alekandrija,20.7980117500615,41.1122006,"Hotel Alekandrija, Kosta Abrash, 6000 Ohrid, North Macedonia",NR,hotel,51047058bf3ecd344059ebbb6c85fa8e4440f00101f901bcee620000000000c00208
57,511f9ba5d852cc344059c5f9e1e15e8e4440f00102f901d13438120000000092031ed092d0b8d0bbd0b020d09ad0bed181d182d0b020d09ed185d180d0b8d0b4,Vila Kosta Ohrid,20.7981328104735,41.1122698,"Vila Kosta Ohrid, Tsar Samoil, 6000 Ohrid, North Macedonia",NR,hotel,51047058bf3ecd344059ebbb6c85fa8e4440f00101f901bcee620000000000c00208
58,5187cee49828c6344059f7ce0616a58f4440f00102f9018e06c21a0000000092030cd094d0b0d0bbd198d0b0d0bd,Daljan,20.7740567861833,41.1222254,"Daljan, R1208, MK6000 Ohrid, North Macedonia",NR,hotel,51047058bf3ecd344059ebbb6c85fa8e4440f00101f901bcee620000000000c00208
59,5107659f7e48cb3440598cb46325748e4440f00102f901d5aa432d0000000092030c56696c6c61205661726f7368,Villa Varosh,20.7940659024059,41.1128863,"Villa Varosh, Boro Shain 15a, 6000 Ohrid, North Macedonia",NR,hotel,51047058bf3ecd344059ebbb6c85fa8e4440f00101f901bcee620000000000c00208
60,517072bf4351ce344059712f5e0a598e4440f00103f90101698459000000009203174465204c75782041706172746d656e7473204f68726964,De Lux Apartments Ohrid,20.8059275,41.1120923,"De Lux Apartments Ohrid, Serafim Kitanoski, 6000 Ohrid, North Macedonia",NR,unknown,51047058bf3ecd344059ebbb6c85fa8e4440f00101f901bcee620000000000c00208
61,517c5171d2eace3440595ec27779848d4440f00103f9017feebc8d0000000092030c484f54454c2047415244454e,HOTEL GARDEN,20.8082706,41.1056053,"HOTEL GARDEN, Kej Makedonija, 6000 Ohrid, North Macedonia",NR,unknown,51047058bf3ecd344059ebbb6c85fa8e4440f00101f901bcee620000000000c00208
62,51a5176b6e3bcd3440592f262b9d598e4440f00103f901963c12e40000000092030ed0a0d0b8d0b2d0b8d0b5d180d0b0,Riviera,20.8016881,41.1121098,"Riviera, Kuzman Josifoski, 6000 Ohrid, North Macedonia",NR,unknown,51047058bf3ecd344059ebbb6c85fa8e4440f00101f901bcee620000000000c00208
63,5159efdc20ffcd344059408cd1ac118e4440f00103f901a43c12e400000000920313d0a1d0b8d182d0b820d09fd0b0d0bbd0b0d181,Siti Palas,20.8046742,41.1099144,"City Palace, Kej Makedonija, 6000 Ohrid, North Macedonia",NR,unknown,51047058bf3ecd344059ebbb6c85fa8e4440f00101f901bcee620000000000c00208
64,51bc0e304ed7c834405900daa92b448f4440f00103f901072dfef100000000920308d09cd0b8d0b7d0be,Mizo,20.7845353,41.1192679,"Mizo, Vasil Stefoski, 6000 Ohrid, North Macedonia",NR,unknown,51047058bf3ecd344059ebbb6c85fa8e4440f00101f901bcee620000000000c00208
65,51b2f5c2537ecc344059e2863562668e4440f00103f901aab1e5fe0000000092031256696c6c6120537175617265204f68726964,Villa Square Ohrid,20.7988026,41.1124995,"Villa Square Ohrid, Car Samoil, 6000 Ohrid, North Macedonia",NR,unknown,51047058bf3ecd344059ebbb6c85fa8e4440f00101f901bcee620000000000c00208
66,518db9c6c26bcc344059c41f9bb1688e4440f00103f901abb1e5fe0000000092030c56696c6c6120546162616e61,Villa Tabana,20.7985193,41.11257,"Villa Tabana, Car Samoil, 6000 Ohrid, North Macedonia",NR,unknown,51047058bf3ecd344059ebbb6c85fa8e4440f00101f901bcee620000000000c00208
67,512a9b28f85ccc3440591cfb0afa668e4440f00103f901acb1e5fe0000000092030d56696c6c61204861726d6f6e79,Villa Harmony,20.7982936,41.1125176,"Villa Harmony, Car Samoil, 6000 Ohrid, North Macedonia",NR,unknown,51047058bf3ecd344059ebbb6c85fa8e4440f00101f901bcee620000000000c00208
68,51b0e9a1386d8c3540596295bf6eeeab4440f00102f901e3622e1400000000920318d0a5d0bed182d0b5d0bb20d09bd0b8d0bfd0b020d093d090,Hotel Lipa GA,21.5485844282417,41.34319945,"Hotel Lipa GA, Dimo Dimoski-Narednikot, 7500 Prilep, North Macedonia",NR,hotel,510f24afd37f8b35405968f45954faab4440f00101f9015712d90000000000c002089203065072696c6570
69,51360fafe1b28a35405915133ff32fac4440f00102f90165308d1500000000920319d09ad180d0b8d181d182d0b0d0bb20d09fd0b0d0bbd0b0d181,Kristal Palas,21.5417912961171,41.3452213,"Kristal Palas, Arhiepiskop Dositej, 7500 Prilep, North Macedonia",NR,hotel,510f24afd37f8b35405968f45954faab4440f00101f9015712d90000000000c002089203065072696c6570
70,511edfde35e88d354059d7fc700855ac4440f00103f901ca6172df0100000092030ad090d182d0bbd0b0d181,Atlas,21.5543245,41.346345,"Atlas, 29 Noemvri 15, 7500 Prilep, North Macedonia",NR,unknown,510f24afd37f8b35405968f45954faab4440f00101f9015712d90000000000c002089203065072696c6570
71,5164ff3c0d188e3540593c48e48e92aa4440f00103f901903cb4d80000000092030cd0a1d0b0d0bbd0b8d0b4d0b0,Salida,21.5550545,41.3325976,"Salida, Salida, 7500 Prilep, North Macedonia",NR,unknown,510f24afd37f8b35405968f45954faab4440f00101f9015712d90000000000c002089203065072696c6570
72,5113c25900092d3640598451f28524004540f00103f9012a7d711c00000000920319d0a6d180d0b5d188d0bed0b2d0be20d0a2d0bed0bfd187d0b5,Cresovo Topce,22.1759186,42.0011146,"Cresovo Topce, Leninova, Kalnishte, North Macedonia",NR,unknown,51179925a6b02d364059a32314b6faff4440f00101f9015be7660000000000c00208
73,518a4ee0e709753640597c154c581bd14440f00103f9016f06b09b0100000092030850414e4f52414d41,PANORAMA,22.4571824,41.633647,"PANORAMA, Marsal Tito, 2420 Radovish, North Macedonia",NR,unknown,5150920953ef763640599677d503e6d14440f00101f901f302690000000000c00207
74,5186f6a056873036405999c7e34831de4440f00102f9012af6821a0000000092031a557262616e69737461202d20426f75746971756520486f74656c,Urbanista - Boutique Hotel,22.1895651,41.73587905,"Urbanista - Boutique Hotel, General Mihaylo Apostolski St., 2000 Shtip, North Macedonia",NR,hotel,51fef96cd38e31364059f0d9df7e65de4440f00101f90128a1670000000000c00207
75,51d5436c0b8a333640592eda3372a4df4440f00102f901ac127a220000000092030dd09ad0b0d0bdd0b0d0bb203737,Kanal 77,22.2013251468953,41.747206,"Kanal 77, 5-ta Partiska Konferencija 9, 2000 Shtip, North Macedonia",NR,hotel,51fef96cd38e31364059f0d9df7e65de4440f00101f90128a1670000000000c00207
76,51fa1d5d78a06f35405973ffac0b4fff4440f00102f9017c7eae0100000000920312486f6c6964617920496e6e20536b6f706a65,Holiday Inn Skopje,21.4357378991257,41.9945884,"Holiday Inn, Kej 13 Noemvri 2, 1000 Skopje, North Macedonia",4,hotel,51b2d5e594806e354059a7e5acf47fff4440f00101f901c14c6a0000000000c00208
77,5131ba72ac416a354059544a89090f004540f00103f90179fb4c2001000000920315536b6f706a6520486f6d652041706172746d656e74,Skopje Home Apartment,21.4150646,42.0004589,"Skopje Home Apartment, Boulevard Partizanski Odredi 34, 1000 Skopje, North Macedonia",NR,unknown,51b2d5e594806e354059a7e5acf47fff4440f00101f901c14c6a0000000000c00208
78,51ad8d74cd416f354059cf9e8affa9ff4440f00102f9019052f50100000000920312486f74656c2053746f6e6520427269646765,Hotel Stone Bridge,21.4344837041808,41.99734515,"Hotel Stone Bridge, Kej Dimitar Vlahov 1, 1000 Skopje, North Macedonia",5,hotel,51b2d5e594806e354059a7e5acf47fff4440f00101f901c14c6a0000000000c00208
79,515948810154683540594202f45c3e004540f00102f901b001590700000000920317d0a5d0bed182d0b5d0bb20d09ad0b0d180d0bfd0bed188,Hotel Karpos,21.4075390318991,42.0019574,"Hotel Karpos, Sekspirova, 1000 Skopje, North Macedonia",4,hotel,51b2d5e594806e354059a7e5acf47fff4440f00101f901c14c6a0000000000c00208
80,51c3ddc5a0b86c3540599fcad3f9f0ff4440f00102f901e6cb7f0a0000000092031dd0a5d0bed182d0b5d0bb20d090d0bcd0b1d0b0d181d0b0d0b4d0bed180,Hotel Ambasador,21.4246922,41.9995415,"Hotel Ambasador, Pirinska 38, 1000 Skopje, North Macedonia",NR,hotel,51b2d5e594806e354059a7e5acf47fff4440f00101f901c14c6a0000000000c00208
81,516c8a8e1f40683540599708f1a23cff4440f00102f901b12fa90e0000000092030a50696e6520486f74656c,Pine Hotel,21.407228444367,41.99403795,"Pine Hotel, Mile Pop Jordanov 1B, 1000 Skopje, North Macedonia",NR,hotel,51b2d5e594806e354059a7e5acf47fff4440f00101f901c14c6a0000000000c00208
82,510d6e7cfb126c354059630165634e004540f00102f901edd9dc0f0000000092030f486f74656c2043697479205061726b,Hotel City Park,21.4221635543586,42.0023933,"Hotel City Park, Mihail Cokov 8A, 1000 Skopje, North Macedonia",NR,hotel,51b2d5e594806e354059a7e5acf47fff4440f00101f901c14c6a0000000000c00208
83,51f5d912036e70354059e2ed77c391ff4440f00102f9018f31a710000000009203184f7065726120486f75736520486f74656c20536b6f706a65,Opera House Hotel Skopje,21.43917865,41.99663585,"Opera House Hotel Skopje, Pajko Maalo 1737, 1000 Skopje, North Macedonia",4,hotel,51b2d5e594806e354059a7e5acf47fff4440f00101f901c14c6a0000000000c00208
84,51441621ba8e70354059635b8b5097ff4440f00102f9019331a710000000009203184c757875727920536b6f706a652041706172746d656e7473,Luxury Skopje Apartments,21.4396124123327,41.9968156,"Luxury Skopje Apartments, Pajko Maalo 6, 1000 Skopje, North Macedonia",NR,apartments,51b2d5e594806e354059a7e5acf47fff4440f00101f901c14c6a0000000000c00208
85,51b38197b27367354059f739d8479dff4440f00102f90161ae5c150000000092031cd0a2d0a6d0a620d093d180d0b0d0bdd0b420d09fd0bbd0b0d0b7d0b0,TCC Grand Plaza,21.4041091487335,41.99698735,"TCC Grand Plaza, 8 Septemvri 2, 1000 Skopje, North Macedonia",4,hotel,51b2d5e594806e354059a7e5acf47fff4440f00101f901c14c6a0000000000c00208
86,51fcff93df096d354059df14099132fe4440f00102f901a75c64180000000092031bd0a5d0bed182d0b5d0bb20d09bd0b5d0bed0bdd0b0d180d0b4d0be,Hotel Leonardo,21.4259319089634,41.9859182,"Hotel Leonardo, Partenij Zografski 19, 1000 Skopje, North Macedonia",3,hotel,51b2d5e594806e354059a7e5acf47fff4440f00101f901c14c6a0000000000c00208
87,513ca31731ad6f354059c4348e3e36004540f00102f90159f04d1c000000009203124275736869205265736f7274202620537061,Bushi Resort & Spa,21.436267266304,42.00176035,"Bushi Resort & Spa, Bozidar Adzija 21, 1000 Skopje, North Macedonia",5,hotel,51b2d5e594806e354059a7e5acf47fff4440f00101f901c14c6a0000000000c00208
88,518e4d6d67d06f3540590f64502038004540f00102f9015cf04d1c00000000920310486f74656c204f6c642042617a616172,Hotel Old Bazaar,21.4367474449343,42.00173545,"Hotel Old Bazaar, Kavtandziska 105, 1000 Skopje, North Macedonia",NR,hotel,51b2d5e594806e354059a7e5acf47fff4440f00101f901c14c6a0000000000c00208
89,51f3efe9a0016e354059c70284609fff4440f00102f901cd669724000000009203174962697320536b6f706a6520436974792043656e746572,Ibis Skopje City Center,21.42971235,41.9970513,"Ibis Skopje City Center, Vasil Iljoski 55, 1000 Skopje, North Macedonia",NR,house,51b2d5e594806e354059a7e5acf47fff4440f00101f901c14c6a0000000000c00208
90,51aad8582f1a79354059886570bdc5fe4440f00102f901d42818270000000092031b446f75626c65547265652062792048696c746f6e20536b6f706a65,DoubleTree by Hilton Skopje,21.4731235421964,41.9902727,"DoubleTree by Hilton Skopje, Bulevar Asnom 17, 1000 Skopje, North Macedonia",5,hotel,51b2d5e594806e354059a7e5acf47fff4440f00101f901c14c6a0000000000c00208
91,51dd442dcdad7035405902f174ee76fd4440f00103f901fc9e255200000000920310486f74656c204f72616e676520496e6e,Hotel Orange Inn,21.440152,41.980192,"Hotel Orange Inn, Todor Panica, 100 Skopje, North Macedonia",NR,unknown,51b2d5e594806e354059a7e5acf47fff4440f00101f901c14c6a0000000000c00208
92,518deb843c2770354059848f86eeedff4440f00103f901727557c80000000092030d486f74656c204465204b4f4b41,Hotel De KOKA,21.4380987,41.9994486,"Hotel De KOKA, Krste Misirkov 5, 1000 Skopje, North Macedonia",3,unknown,51b2d5e594806e354059a7e5acf47fff4440f00101f901c14c6a0000000000c00208
93,511d273bec7464354059548acbe7cbff4440f00103f901c860cdd80000000092030fd09ed09a20d0a5d0bed182d0b5d0bb,OK Hotel,21.3924091,41.9984102,"OK Hotel, Londonska 19, 1000 Skopje, North Macedonia",NR,unknown,51b2d5e594806e354059a7e5acf47fff4440f00101f901c14c6a0000000000c00208
94,5184888a27716a354059b6253c9798ff4440f00103f901205bdafb0000000092030ad092d0bbd0b0d185d0be,Vlaho,21.4157891,41.9968442,"Vlaho, 9 Maj 3, 1000 Skopje, North Macedonia",NR,unknown,51b2d5e594806e354059a7e5acf47fff4440f00101f901c14c6a0000000000c00208
95,51284c73863d6a35405914fcdfac1c004540f00103f901e0c2102702000000920319446f6c636520496e7465726e6174696f6e616c20486f74656c,Dolce International Hotel,21.4150013,42.0008751,"Dolce International Hotel, Crvena Voda, 1000 Skopje, North Macedonia",NR,unknown,51b2d5e594806e354059a7e5acf47fff4440f00101f901c14c6a0000000000c00208
96,519906f62ce4ad34405913c8e15f35964440f00102f9014352451e00000000920313d0a5d0bed182d0b5d0bb20d094d180d0b8d0bc,Hotel Drim,20.6792415016072,41.17348735,"Hotel Drim, Partizanska 51, 6330 Struga, North Macedonia",4,hotel,514b11cfc8d6ad344059cdbdd1d8a8964440f00101f9011ede620000000000c00207
97,51c696d4bfdaad3440595a40bcb4e1964440f00103f901b8c5c2000100000092030a56696c61205065726c61,Vila Perla,20.6791191,41.178763,"Vila Perla, 8. Noemvri, 36330 Struga, North Macedonia",NR,unknown,514b11cfc8d6ad344059cdbdd1d8a8964440f00101f9011ede620000000000c00207
98,51209793abb3ad344059f14d6b8fcd964440f00103f901c7ce921d00000000920319d0a5d0bed182d0b5d0bb20d091d0b5d0bed0b3d180d0b0d0b4,Hotel Beograd,20.6785228,41.1781482,"Hotel Beograd, 8. Noemvri Kej 8-mi noemvri, 6330 Struga, North Macedonia",3,unknown,514b11cfc8d6ad344059cdbdd1d8a8964440f00101f9011ede620000000000c00207
99,51d521a372c8ac3440595bf9dbb552964440f00102f901309da0220000000092030ad09fd0bbd0b0d0b6d0b0,Plaza,20.6749163999096,41.1743828,"Plaza, Vlado Maleski 40, 6330 Struga, North Macedonia",NR,hotel,514b11cfc8d6ad344059cdbdd1d8a8964440f00101f9011ede620000000000c00207
100,51f5a8d61ab8ad3440596aaf2e0db7964440f00102f9019a4ab8220000000092030fd091d0bbd18320d0a1d0bad0b0d198,Blu Skaj,20.6785877017507,41.1774252,"Blu Skaj, Boris Kidrich, 36330 Struga, North Macedonia",NR,hotel,514b11cfc8d6ad344059cdbdd1d8a8964440f00101f9011ede620000000000c00207
101,510ef3e505d8ad344059f88f4b22fb964440f00103f9019019c95b0100000092030a486f74656c2041727469,Hotel Arti,20.6790775,41.179539,"Hotel Arti, Amvrosi Pantekji, 36330 Struga, North Macedonia",NR,unknown,514b11cfc8d6ad344059cdbdd1d8a8964440f00101f9011ede620000000000c00207
102,5185e9fe7154a636405905fdbe1a3fb84440f00102f901054bd90d0000000092031bd0a5d0bed182d0b5d0bb20d093d0bbd0b8d0b3d0bed180d0bed0b2,Hotel Gligorov,22.6496952720647,41.43944135,"Hotel Gligorov, Kliment Ohridski, MK-2400 Strumica, North Macedonia",NR,hotel,515a16a7b5c4a3364059c6e061da37b84440f00101f901e5e8680000000000c00207
103,5184d5b37b4da43640597d269bb745b84440f00103f901c86e841b00000000920310486f74656c205469766572696f706f6c,Hotel Tiveriopol,22.6418073,41.4396276,"Hotel Tiveriopol, Bratstvo i Edinstvo, MK-2400 Strumica, North Macedonia",NR,unknown,515a16a7b5c4a3364059c6e061da37b84440f00101f901e5e8680000000000c00207
104,51e020c610a5a43640590ab9eb56cfb74440f00103f901c36f841b00000000920319d0a5d0bed182d0b5d0bb20d098d0bbd0b8d0bdd0b4d0b5d0bd,Hotel Ilinden,22.6431437,41.436015,"Hotel Ilinden, Goce Delcev, MK-2400 Strumica, North Macedonia",NR,unknown,515a16a7b5c4a3364059c6e061da37b84440f00101f901e5e8680000000000c00207
105,517529bf5653a3364059d6b4f16ceab74440f00103f901f7c7788f00000000920319d0a5d0bed182d0b5d0bb20d0a6d0b5d0bdd182d180d0b0d0bb,Hotel Central,22.6379904,41.4368416,"Hotel Central, Ulica Marsal Tito, MK-2400 Strumica, North Macedonia",NR,unknown,515a16a7b5c4a3364059c6e061da37b84440f00101f901e5e8680000000000c00207
106,515c3b51121207354059290c601b3bff4440f00103f901690b030c0100000092031bd09fd0b5d182d180d0bed0bb20d09ad0bed0bcd0bfd0b0d0bdd0b8,Petrol Kompani,21.0276195,41.9939913,"Hotel Petrol Company, Mother Teresa, 1200 Tetovo, North Macedonia",NR,unknown,51ffba89100df93440591c12adcbdf004540f00101f90175b9690000000000c00207
107,511c007157aff8344059e5f7537e2d014540f00102f901371c3d050000000092030b486f74656c204c6972616b,Hotel Lirak,20.9714255,42.00920085,"Hotel Lirak, Marshal Tito St, 1200 Tetovo, North Macedonia",NR,unknown,51ffba89100df93440591c12adcbdf004540f00101f90175b9690000000000c00207
108,5154fe470063f5344059ea0523323bfe4440f00102f9012ce5a61000000000920304456d6b61,Emka,20.9585436453942,41.9861394,"Emka, Ilindenska, 1200 Tetovo, North Macedonia",NR,hotel,51ffba89100df93440591c12adcbdf004540f00101f90175b9690000000000c00207
109,51210d809034f73440594babc58412fe4440f00102f901cd13ae110000000092030b486f74656c20526f79616c,Hotel Royal,20.9656460011895,41.9849121,"Hotel Royal, Mother Teresa, 1220 Tetovo, North Macedonia",NR,unknown,51ffba89100df93440591c12adcbdf004540f00101f90175b9690000000000c00207
110,51a4e8dc4834c8354059c8a52315c6db4440f00103f90104794e9001000000920314496e7465726e6174696f6e616c2050616c616365,International Palace,21.7820478,41.7169825,"International Palace, 8-mi Septemvri 40, MK1400 Veles, North Macedonia",NR,unknown,518acbf10a44c5354059da8d3ee603dc4440f00101f90111c6670000000000c00208
111,51cb0e4cc9cdf13440595bfa192f27f64440f00103f901b5f9008e00000000920319d09dd0b5d0bfd182d183d0bd20d09fd0b5d182d180d0bed0bb,Neptun Petrol,20.9445463,41.9230708,"Neptun Petrol, A2, 1221 Bogovinje, North Macedonia",NR,unknown,51bb29e5b512ea344059dee4b7e864f64440f00101f9016b31690000000000c00208
112,513ca31731ad6f354059c4348e3e36004540f00102f90159f04d1c000000009203124275736869205265736f7274202620537061,Bushi Resort & Spa,21.436267266304,42.00176035,"Bushi Resort & Spa, Bozidar Adzija 21, 1000 Skopje, North Macedonia",5,hotel,513d64ca87a07035405905d0398952024540f00101f901c24c6a0000000000c00205
113,518e4d6d67d06f3540590f64502038004540f00102f9015cf04d1c00000000920310486f74656c204f6c642042617a616172,Hotel Old Bazaar,21.4367474449343,42.00173545,"Hotel Old Bazaar, Kavtandziska 105, 1000 Skopje, North Macedonia",NR,hotel,513d64ca87a07035405905d0398952024540f00101f901c24c6a0000000000c00205
114,518deb843c2770354059848f86eeedff4440f00103f901727557c80000000092030d486f74656c204465204b4f4b41,Hotel De KOKA,21.4380987,41.9994486,"Hotel De KOKA, Krste Misirkov 5, 1000 Skopje, North Macedonia",3,unknown,513d64ca87a07035405905d0398952024540f00101f901c24c6a0000000000c00205
115,513a6f8b585470354059b023bd7735004540f00102f90179e3840a0000000092030a486f74656c2041726b61,Hotel Arka,21.4387957571429,42.0016401,"Hotel Arka, Bitpazarska 90/2, 1000 Skopje, North Macedonia",NR,hotel,513d64ca87a07035405905d0398952024540f00101f901c24c6a0000000000c00205
116,51d8b27c5d86703540596a86dbe12f004540f00102f901967da4160000000092030ed0a5d0b0d0bcd0b1d183d180d0b3,Hamburg,21.43955025,42.00146125,"Hamburg, 113, 100 Skopje, North Macedonia",NR,hotel,513d64ca87a07035405905d0398952024540f00101f901c24c6a0000000000c00205
117,5153bd46dcad70354059f78df21d46004540f00103f901451c6ce400000000920308d093d0bed0bbd0b4,Gold,21.4401529,42.0021398,"Gold, Boulevard Krste Misirkov 13, 100 Skopje, North Macedonia",NR,unknown,513d64ca87a07035405905d0398952024540f00101f901c24c6a0000000000c00205
118,51a0dff76f5e70354059ad7360d449004540f00103f90145e16ce400000000920308d09ad0bbd0b0d0bd,Klan,21.438941,42.0022531,"Klan, Evlija Celebija, 100 Skopje, North Macedonia",NR,unknown,513d64ca87a07035405905d0398952024540f00101f901c24c6a0000000000c00205
119,512e82b5204a70354059cc334fa4eaff4440f00102f901b40159070000000092030753757065722038,Super 8,21.4386311,41.9993482,"Super 8, Goce Delcev Boulevard, 1000 Skopje, North Macedonia",NR,hotel,513d64ca87a07035405905d0398952024540f00101f901c24c6a0000000000c00205
120,51e9be9cd9ae70354059794a6c2343004540f00103f901411c6ce40000000092030cd0a1d183d0bbd182d0b0d0bd,Sultan,21.440168,42.0020489,"Sultan, Boulevard Krste Misirkov bb, 100 Skopje, North Macedonia",NR,unknown,513d64ca87a07035405905d0398952024540f00101f901c24c6a0000000000c00205
121,513dce3461fb71354059106d73fe81014540f00103f90165f3c31f0100000092030a416c626120486f74656c,Alba Hotel,21.445242,42.0117796,"Alba Hotel, Bulevard Cvetan Dimov, 100 Skopje, North Macedonia",NR,unknown,513d64ca87a07035405905d0398952024540f00101f901c24c6a0000000000c00205
122,519f1a2fdd2470354059223ccdae20004540f00103f9016066415801000000920313d0a5d0bed182d0b5d0bb20d090d0bbd0b5d0bd,Hotel Alen,21.4380625,42.0009974,"Hotel Aen, 191, 100 Skopje, North Macedonia",NR,unknown,513d64ca87a07035405905d0398952024540f00101f901c24c6a0000000000c00205
123,5181c52b5aca6f3540595c68ebd621004540f00103f901440b119601000000920302524d,RM,21.4366814,42.0010327,"RM, Leblebidziska, 100 Skopje, North Macedonia",NR,unknown,513d64ca87a07035405905d0398952024540f00101f901c24c6a0000000000c00205
124,514a8567f8057035405948cf86f2f4ff4440f00103f90192ec2896010000009203074465206b6f6b61,De koka,21.4375911,41.9996627,"De koka, Bitpazarska, 100 Skopje, North Macedonia",NR,unknown,513d64ca87a07035405905d0398952024540f00101f901c24c6a0000000000c00205
125,516464da482370354059e77bb6a915004540f00103f9011729602402000000920303446f61,Doa,21.4380384,42.0006611,"Doa, 190, 100 Skopje, North Macedonia",NR,unknown,513d64ca87a07035405905d0398952024540f00101f901c24c6a0000000000c00205
126,51b876a2242470354059d732c85345004540f00103f901902a60240200000092030653616e746f73,Santos,21.4380515,42.0021157,"Santos, Bojadziska, 100 Skopje, North Macedonia",NR,unknown,513d64ca87a07035405905d0398952024540f00101f901c24c6a0000000000c00205
127,5143fbfd07fd6f354059a12703ec48004540f00103f9010278d96801000000,Denis,21.4374547,42.0022254,"Denis, Saracka, 100 Skopje, North Macedonia",NR,unknown,513d64ca87a07035405905d0398952024540f00101f901c24c6a0000000000c00205
128,5154d7eb27ad6f3540599112e78d38004540f00103f9017962199501000000,BUSHI RESORT&SPA,21.4362359,42.0017259,"BUSHI RESORT&SPA, Kjurciska, 1111 Skopje, North Macedonia",NR,unknown,513d64ca87a07035405905d0398952024540f00101f901c24c6a0000000000c00205
129,51742909e46d3e364059621625e362b44440f00103f90119d43477000000009203054c6f766563,Lovec,22.2438643,41.4092678,"Lovec, 11ti Oktomvri, 1442 Demir Kapija, North Macedonia",NR,unknown,512fcece58ea3d36405918b72cba50b44440f00101f901f028680000000000c00207
130,51e967ea758b3a364059e2c1a2783ab54440f00103f90105519d86010000009203074d6f6465726e61,Moderna,22.2286905,41.4158469,"Moderna, A113, 1442 Demir Kapija, North Macedonia",NR,unknown,512fcece58ea3d36405918b72cba50b44440f00101f901f028680000000000c00207
131,511e706cd5e1b8364059ac46afbbb5974440f00102f9010d73121600000000920328d0a5d0bed182d0b5d0bb20d0a0d0bed0bcd0b0d0bdd182d0b8d0ba20d094d0bed180d198d0b0d0bd,Hotel Romantik Dorjan,22.7221841984203,41.18521925,"Hotel Romantique Dojran, Marsal Tito 19, 1487 Star Dojran, North Macedonia",4,unknown,5159f38876bab836405968fc0cb963974440f00101f901ec04690000000000c00207
132,5153e33f1ed7b83640593fd90044c5974440f00102f901615acf0a00000000920317d09ad0b0d0b7d0b8d0bdd0be20d0a0d0bed198d0b0d0bb,Kazino Rojal,22.7220327051368,41.185685,"Casino Royal, Marsal Tito 17, 1487 Star Dojran, North Macedonia",NR,unknown,5159f38876bab836405968fc0cb963974440f00101f901ec04690000000000c00207
133,518e3056e58cb8364059f1a283ead5974440f00103f901d13a781700000000920314d09cd0b0d0bad0b5d0b4d0bed0bdd0b8d198d0b0,Makedonija,22.7208999,41.1862157,"Makedonija, Velko Vlahovikj, 1487 Star Dojran, North Macedonia",NR,unknown,5159f38876bab836405968fc0cb963974440f00101f901ec04690000000000c00207
134,5179f1d995f1b836405979b3df2a99974440f00103f901f13a78170000000092030ad09fd0bed0bbd0b8d0bd,Polin,22.7224363,41.1843618,"Polin, Marsal Tito, 1487 Star Dojran, North Macedonia",NR,unknown,5159f38876bab836405968fc0cb963974440f00101f901ec04690000000000c00207
135,5110977730bdb83640591755168bdf974440f00103f90114bd7ba80100000092030ad091d0b5d182d0bed0bd,Beton,22.7216368,41.1865095,"Beton, Marsal Tito, 1487 Star Dojran, North Macedonia",NR,unknown,5159f38876bab836405968fc0cb963974440f00101f901ec04690000000000c00207
136,515541a08e226035405933dc8bb9b5004540f00103f9019e83065e0000000092030cd09cd180d0b0d0bcd0bed180,Mramor,21.3755273,42.0055458,"Mramor, Klenoec, 1000 SK Skopje, North Macedonia",NR,unknown,512315c616826035405926e4839ecd004540c00208e2031e77686f736f6e66697273743a6c6f63616c6974793a313031393132363035
137,51dc17e137cf5e3540599e5a3960fc004540f00103f901344398c90100000092030d42756c6576617220486f74656c,Bulevar Hotel,21.3703494,42.0077019,"Bulevar Hotel, Boulevard Partizanski Odredi, 1000 SK Skopje, North Macedonia",NR,unknown,512315c616826035405926e4839ecd004540c00208e2031e77686f736f6e66697273743a6c6f63616c6974793a313031393132363035
138,511d273bec7464354059548acbe7cbff4440f00103f901c860cdd80000000092030fd09ed09a20d0a5d0bed182d0b5d0bb,OK Hotel,21.3924091,41.9984102,"OK Hotel, Londonska 19, 1000 Skopje, North Macedonia",NR,unknown,512315c616826035405926e4839ecd004540c00208e2031e77686f736f6e66697273743a6c6f63616c6974793a313031393132363035
139,5140d57b8fd965354059d44e8b0cff014540f00102f901674216090000000092031ad095d0b2d180d0be20d181d0b5d18220d0a5d0bed182d0b5d0bb,Evro set Hotel,21.3978509244955,42.01559595,"Evro set Hotel, Skupi, 1020 Skopje, North Macedonia",NR,hotel,512315c616826035405926e4839ecd004540c00208e2031e77686f736f6e66697273743a6c6f63616c6974793a313031393132363035
140,51f1ef332e1c67354059cddd0bc2cb014540f00102f9019442160900000000920317d09fd0bed180d182d0b0d0bb20d185d0bed182d0b5d0bb,Portal hotel,21.40277375,42.0140307,"Hotel Portal, Skupi, 1020 Skopje, North Macedonia",NR,hotel,512315c616826035405926e4839ecd004540c00208e2031e77686f736f6e66697273743a6c6f63616c6974793a313031393132363035
141,5101082ebbcf67354059196d889766014540f00102f901127cae0100000000920330d0a5d0bed182d0b5d0bb20e2809ed090d0bbd0b5d0bad181d0b0d0bdd0b4d0b0d18020d09fd0b0d0bbd0b0d181e2809c,Hotel Aleksandar Palas,21.4055134765653,42.01094335,"Aleksandar Palace Hotel, Velosipedska pateka Kej, 1000 Skopje, North Macedonia",NR,hotel,512315c616826035405926e4839ecd004540c00208e2031e77686f736f6e66697273743a6c6f63616c6974793a313031393132363035
142,51b38197b27367354059f739d8479dff4440f00102f90161ae5c150000000092031cd0a2d0a6d0a620d093d180d0b0d0bdd0b420d09fd0bbd0b0d0b7d0b0,TCC Grand Plaza,21.4041091487335,41.99698735,"TCC Grand Plaza, 8 Septemvri 2, 1000 Skopje, North Macedonia",4,hotel,512315c616826035405926e4839ecd004540c00208e2031e77686f736f6e66697273743a6c6f63616c6974793a313031393132363035
143,515948810154683540594202f45c3e004540f00102f901b001590700000000920317d0a5d0bed182d0b5d0bb20d09ad0b0d180d0bfd0bed188,Hotel Karpos,21.4075390318991,42.0019574,"Hotel Karpos, Sekspirova, 1000 Skopje, North Macedonia",4,hotel,512315c616826035405926e4839ecd004540c00208e2031e77686f736f6e66697273743a6c6f63616c6974793a313031393132363035
144,5148b258d47168354059c44f9073f6014540f00103f901ddd670e40000000092030ed092d0b5d180d0b3d0b8d0bdd0b0,Vergina,21.4079869,42.0153336,"Vergina, 8 Septemvri, 1020 Skopje, North Macedonia",NR,unknown,512315c616826035405926e4839ecd004540c00208e2031e77686f736f6e66697273743a6c6f63616c6974793a313031393132363035
145,51f81d79d62468354059fc18ae0441ff4440f00103f901c436b1880000000092030e486f74656c204b61706973746563,Hotel Kapistec,21.4068121,41.9941717,"Hotel Kapistec, Mile Pop Jordanov, 1020 Skopje, North Macedonia",NR,unknown,512315c616826035405926e4839ecd004540c00208e2031e77686f736f6e66697273743a6c6f63616c6974793a313031393132363035
146,516c8a8e1f40683540599708f1a23cff4440f00102f901b12fa90e0000000092030a50696e6520486f74656c,Pine Hotel,21.407228444367,41.99403795,"Pine Hotel, Mile Pop Jordanov 1B, 1000 Skopje, North Macedonia",NR,hotel,512315c616826035405926e4839ecd004540c00208e2031e77686f736f6e66697273743a6c6f63616c6974793a313031393132363035
147,51dea7aad0406835405945052e2a3dff4440f00103f9010975f7030100000092030a486f74656c2050696e65,Hotel Pine,21.407239,41.9940541,"Hotel Pine, Mile Pop Jordanov, 1020 Skopje, North Macedonia",NR,unknown,512315c616826035405926e4839ecd004540c00208e2031e77686f736f6e66697273743a6c6f63616c6974793a313031393132363035
148,51df2f85a9516835405997d868c31aff4440f00102f9015666d62100000000920310486f74656c2047617264656e20537061,Hotel Garden Spa,21.4074960544341,41.99300425,"Hotel Garden Spa, Zagrepska 2, 1000 Skopje, North Macedonia",4,hotel,512315c616826035405926e4839ecd004540c00208e2031e77686f736f6e66697273743a6c6f63616c6974793a313031393132363035
149,51284c73863d6a35405914fcdfac1c004540f00103f901e0c2102702000000920319446f6c636520496e7465726e6174696f6e616c20486f74656c,Dolce International Hotel,21.4150013,42.0008751,"Dolce International Hotel, Crvena Voda, 1000 Skopje, North Macedonia",NR,unknown,512315c616826035405926e4839ecd004540c00208e2031e77686f736f6e66697273743a6c6f63616c6974793a313031393132363035
150,5131ba72ac416a354059544a89090f004540f00103f90179fb4c2001000000920315536b6f706a6520486f6d652041706172746d656e74,Skopje Home Apartment,21.4150646,42.0004589,"Skopje Home Apartment, Boulevard Partizanski Odredi 34, 1000 Skopje, North Macedonia",NR,unknown,512315c616826035405926e4839ecd004540c00208e2031e77686f736f6e66697273743a6c6f63616c6974793a313031393132363035
151,51df320285d55f3540597ff31eb814fd4440f00103f90101026de400000000920329d090d0bfd0b0d180d182d0bcd0b0d0bdd0b820d09fd0b0d0bdd182d0b5d0bbd0b5d198d0bcd0bed0bd,Apartmani Pantelejmon,21.3743518,41.9771948,"Apartments Pantelejmon, R2138, 1000 SK Gorno Nerezi, North Macedonia",NR,unknown,512315c616826035405926e4839ecd004540c00208e2031e77686f736f6e66697273743a6c6f63616c6974793a313031393132363035
152,51a9903c21856a354059952e2a8ea8004540f00103f901d6036fe40000000092030cd0a1d0bad0bed0bfd198d0b5,Skopje,21.4160939,42.0051439,"Andon Dukov 27, 1000 Skopje, North Macedonia",NR,unknown,512315c616826035405926e4839ecd004540c00208e2031e77686f736f6e66697273743a6c6f63616c6974793a313031393132363035
153,5184888a27716a354059b6253c9798ff4440f00103f901205bdafb0000000092030ad092d0bbd0b0d185d0be,Vlaho,21.4157891,41.9968442,"Vlaho, 9 Maj 3, 1000 Skopje, North Macedonia",NR,unknown,512315c616826035405926e4839ecd004540c00208e2031e77686f736f6e66697273743a6c6f63616c6974793a313031393132363035
154,51a1630795b86a354059e1e41bb6d2ff4440f00103f901bd318f1b01000000920311486f74656c20456c69746520506c617a61,Hotel Elite Plaza,21.416879,41.9986179,"Hotel Elite Plaza, Vladimir Polezanovski, 1000 Skopje, North Macedonia",NR,unknown,512315c616826035405926e4839ecd004540c00208e2031e77686f736f6e66697273743a6c6f63616c6974793a313031393132363035
155,5137662321dbf13540593de13a330bca4440f00103f9015d03808601000000920307486f74656c207a,Hotel z,21.9447499,41.5784668,"Hotel z, 8 Septemvri, Gradsko, North Macedonia",NR,unknown,514743215dc7f33540597bb5edc561c94440f00101f9018926680000000000c00208
159,5107e5c02d51f53440596f103c9a44c14440f00102f90118a5870d00000000920317d0a5d0bed182d0b5d0bb20d09ad0b8d187d0b5d0b2d0be,Hotel Kicevo,20.9582543262509,41.50985065,"Hotel Kicevo, Rudnichka, 6250 Kichevo, North Macedonia",NR,hotel,518735954561f53440591d28a6c123c14440f00101f901613c620000000000c00207
160,519474b08e4bf6344059dd689cf870c24440f00102f9012643b60d0000000092030841726162656c6c6f,Arabello,20.9620904130606,41.5190726,"Arabello, Marsal Tito, 6250 Kichevo, North Macedonia",NR,hotel,518735954561f53440591d28a6c123c14440f00101f901613c620000000000c00207
161,51af7bf2241ff0344059dc7b6db388c14440f00102f901f589690e00000000920319d0a5d0bed182d0b5d0bb20d09ad180d183d188d0b8d0bdd0be,Hotel Krusino,20.9380130252914,41.51188475,"Hotel Krushino, Kicevo - Knezino, 6250 Kichevo, North Macedonia",NR,hotel,518735954561f53440591d28a6c123c14440f00101f901613c620000000000c00207
162,51dd442dcdad7035405902f174ee76fd4440f00103f901fc9e255200000000920310486f74656c204f72616e676520496e6e,Hotel Orange Inn,21.440152,41.980192,"Hotel Orange Inn, Todor Panica, 100 Skopje, North Macedonia",NR,unknown,51a85082a38970354059fa2af9d85dfd4440f00101f901c64c6a0000000000c00205
163,515ff5b82ff872354059ff36d85904fb4440f00102f9019ec3590800000000920313d0a5d0bed182d0b5d0bb20d09dd0b0d0b8d181,Hotel Nais,21.4491001881087,41.96107185,"Hotel Nais, Hristo Tatarcev 22 A, 1054 Skopje, North Macedonia",NR,unknown,51a85082a38970354059fa2af9d85dfd4440f00101f901c64c6a0000000000c00205
164,51ba69334e436d354059d3050bc2f0fd4440f00102f9015ae5a41600000000920315d092d0b8d0bbd0b020d0a1d0b8d0bbd0b8d198d0b0,Vila Silija,21.42680825,41.98390985,"Vila Silija, Cerska, 1000 Skopje, North Macedonia",NR,hotel,51a85082a38970354059fa2af9d85dfd4440f00101f901c64c6a0000000000c00205
165,51f3fba314196d354059ee46ebf9e4fd4440f00102f901a25c641800000000920310486920536b6f706a6520486f7374656c,Hi Skopje Hostel,21.42616395,41.9835503,"Hi Skopje Hostel, Rilski Kongres 26, 1000 Skopje, North Macedonia",NR,hotel,51a85082a38970354059fa2af9d85dfd4440f00101f901c64c6a0000000000c00205
166,51390ce6af906f354059c7c2a108f3fc4440f00103f901243975180000000092030e486f74656c20496d70657269616c,Hotel Imperial,21.4358015,41.9761668,"Hotel Imperial, Blagoja Gojan, 1054 Skopje, North Macedonia",3,unknown,51a85082a38970354059fa2af9d85dfd4440f00101f901c64c6a0000000000c00205
167,51f502fdcfab6f3540596c71682cf5fc4440f00103f901253975180000000092030953756e20486f74656c,Sun Hotel,21.4362154,41.9762321,"Sun Hotel, Blagoja Gojan, 1054 Skopje, North Macedonia",3,unknown,51a85082a38970354059fa2af9d85dfd4440f00101f901c64c6a0000000000c00205
168,514ff1c9d46e69364059987420f296f54440f00103f9011e3154e40000000092030ad09bd0b5d0b4d0b5d180,Leder,22.4118474,41.918669,"Leder, Brakja Stavrevi, 2300 Kochani, North Macedonia",NR,unknown,51acfa01b4526936405942a154b1e7f54440f00101f901cb89680000000000c00207
169,51d95a046b412e364059a7779825f0094540f00103f90186430e6801000000920317d0a5d0bed182d0b5d0bb20d09ad180d0b0d182d0b8d181,Hotel Kratis,22.1806857,42.0776412,"Hotel Kratis, Sv. Ç´orgi Kratovski, Kratovo, North Macedonia",NR,unknown,51dc24abc7222e364059946c7539250a4540f00101f901165b660000000000c00208
170,5112eedf06c6553640597b6aa5d3041a4540f00103f901a52f3f1c00000000920306547572697374,Turist,22.3350529,42.2032723,"Turist, Sveti Joakim Osogovski, 1330 Kriva Palanka, North Macedonia",2,unknown,512f4498ece9543640594ebffa2e5b194540f00101f9018975680000000000c00207
171,5149605eadc74035405955c8afdfabae4440f00102f90185a619350000000092030ed09cd0bed0bdd182d0b0d0bdd0b0,Montana,21.2532282581566,41.36466905,"Montana, Pitu Guli 0, 7550 Krushevo, North Macedonia",4,hotel,5128d53e1d8f3f35405907561f590aaf4440f00101f90135aab70000000000c00207
172,51ea2a799f983f354059cf3c8cfd83ae4440f00102f901e6aa193500000000920310d09fd0b0d0bdd0bed180d0b0d0bcd0b0,Panorama,21.2484569522746,41.3634396,"Panorama, Kocha Milenku 80, 7550 Krushevo, North Macedonia",NR,hotel,5128d53e1d8f3f35405907561f590aaf4440f00101f90135aab70000000000c00207
173,510bb62af247403540595a296a4287ae4440f00102f901e8aa19350000000092030ed098d0bbd0b8d0bdd0b4d0b5d0bd,Ilinden,21.2510979529287,41.363492,"Ilinden, Kocha Milenku, 7550 Krushevo OT, North Macedonia",NR,hotel,5128d53e1d8f3f35405907561f590aaf4440f00101f90135aab70000000000c00207
174,5126135c51efb8354059c80d86b35b114540f00103f901f37909a90000000092030841706172746d616e,Apartman,21.7224017,42.135611,"Apartman, Ivo Lola Ribar, 1300 Kumanovo, North Macedonia",NR,unknown,51a9da6e826fb2354059f56970b614124540f00103f9018c8f967800000000c00205920307426564696e6a65
175,51866fbc96ebba3540591f147c4ca4134540f00103f901c4e6f5b80000000092030ed0a1d0b0d182d0b5d0bbd0b8d182,Satelit,21.7301573,42.1534515,"Satelit, R2237, 1300 Kumanovo, North Macedonia",NR,unknown,51a9da6e826fb2354059f56970b614124540f00103f9018c8f967800000000c00205920307426564696e6a65
176,515a0e934499bb354059972c7fd1d00f4540f00102f9016bd6061f00000000920311486f74656c2042656c6c6120446f6e6e61,Hotel Bella Donna,21.7328278436973,42.1235586,"Hotel Bella Donna, Branko Bogdanski Gucman, 1300 Kumanovo, North Macedonia",NR,hotel,51a9da6e826fb2354059f56970b614124540f00103f9018c8f967800000000c00205920307426564696e6a65
177,51c40253c6a3bb35405933aa2fc6760f4540f00102f901f68c252a00000000920317d0a5d0bed182d0b5d0bb20d09cd0b8d0bcd0bed0b7d0b0,Hotel Mimoza,21.7329666154499,42.1208172,"Hotel Mimoza, Titova Mitrovacka, 1300 Kumanovo, North Macedonia",NR,hotel,51a9da6e826fb2354059f56970b614124540f00103f9018c8f967800000000c00205920307426564696e6a65
178,51ad40df8f7bbe354059c6f17794920f4540f00102f901a10a8c380000000092030c4b756d616e6f766f20537061,Kumanovo Spa,21.743966733281,42.1216012,"Kumanovo Spa, Kumanovska Banja, 1300 Kumanovo, North Macedonia",NR,hotel,51a9da6e826fb2354059f56970b614124540f00103f9018c8f967800000000c00205920307426564696e6a65
179,51d3c32ba457be354059f8387a758e0f4540f00103f9011786410b0200000092030c4b756d616e6f766f20537061,Kumanovo Spa,21.7435248,42.121535,"Kumanovo Spa, R1204, 1300 Kumanovo, North Macedonia",NR,unknown,51a9da6e826fb2354059f56970b614124540f00103f9018c8f967800000000c00205920307426564696e6a65
181,511a4b7cd3dfbb344059fc0bcfbd4ed44440f00102f901ae52bc150000000092031c4d69612773204661766f7269746520486f74656c204d6176726f766f,Mia's Favorite Hotel Mavrovo,20.7338840579294,41.658653,"Mia's Favorite Hotel Mavrovo, R2235, 1245 Mavrovo, North Macedonia",NR,hotel,5146e65e14baa83440592407ec6a72d24440f00101f9017be9270000000000c00208
182,5153d8fb43e99f34405970bfb7b17ecb4440f00103f90171cf985600000000920313d0a5d0bed182d0b5d0bb20d0a2d183d182d0be,Hotel Tuto,20.6246531,41.5898039,"Hotel Tuto, R1202, 1254 Adzhievci, North Macedonia",NR,unknown,5146e65e14baa83440592407ec6a72d24440f00101f9017be9270000000000c00208
183,51066d407f74ca344059b7c6adecddd84440f00102f901ff80900b00000000920317d0a5d0bed182d0b5d0bb20d0a0d0b0d0b4d0b8d0bad0b0,Hotel Radika,20.791350618581,41.6943775,"Hotel Radika, R2235, 1245 Leunovo, North Macedonia",NR,unknown,5146e65e14baa83440592407ec6a72d24440f00101f9017be9270000000000c00208
184,51f31c91ef52bc344059f8750da029d34440f00103f901cf40b3150000000092030cd091d0b8d181d182d180d0b0,Bistra,20.7356405,41.6497078,"Bistra, R2235, 1245 Mavrovo, North Macedonia",NR,unknown,5146e65e14baa83440592407ec6a72d24440f00101f9017be9270000000000c00208
185,518a45a05b50bc34405981e7028dabd64440f00102f901ad52bc1500000000920312486f74656c20476f6c64656e20506c616365,Hotel Golden Place,20.7356172591762,41.6770769,"Hotel Golden Place, R2235, 1245 Mavrovo, North Macedonia",5,unknown,5146e65e14baa83440592407ec6a72d24440f00101f9017be9270000000000c00208
186,5123d7f26f3cbc344059b6bda9ff07d34440f00103f9015b21c01d0000000092031dd0a1d182d0bed0bfd0b0d0bdd181d0bad0b020d091d0b0d0bdd0bad0b0,Stopanska Banka,20.7352972,41.6486816,"Stopanska Banka, R2235, 1245 Mavrovo, North Macedonia",NR,unknown,5146e65e14baa83440592407ec6a72d24440f00101f9017be9270000000000c00208
187,5199bc5c1f31bd344059915005ee2fd34440f00103f9016221c01d00000000920312d09cd0b0d0bad0bfd0b5d182d180d0bed0bb,Makpetrol,20.7390308,41.6499002,"Makpetrol, R2235, 1245 Mavrovo, North Macedonia",NR,unknown,5146e65e14baa83440592407ec6a72d24440f00101f9017be9270000000000c00208
188,51661bfc5d65bc3440591bebf09486d34440f00102f901a645d1240000000092030b53706f727420486f74656c,Sport Hotel,20.7357993527995,41.6525508,"Sport Hotel, R2235, 1245 Mavrovo, North Macedonia",NR,hotel,5146e65e14baa83440592407ec6a72d24440f00101f9017be9270000000000c00208
189,51b064332ceba5344059302ea2ffd4cb4440f00103f90189062e3900000000920326d0a5d0bed182d0b5d0bb20d09dd095d094d090202d20d093d0b0d0bbd0b8d187d0bdd0b8d0ba,Hotel NEDA - Galicnik,20.6481197,41.5924377,"Hotel NEDA - Galicnik, Jance - Galicnik, 1254 Galichnik, North Macedonia",NR,unknown,5146e65e14baa83440592407ec6a72d24440f00101f9017be9270000000000c00208
190,510b6aae89bbbc3440591cf279211dd34440f00103f901bee72b880000000092030ed09ad0b0d0bcd0bfd0b0d180d0b8,Kampari,20.7372366,41.6493265,"Kampari, R2235, 1245 Mavrovo, North Macedonia",NR,unknown,5146e65e14baa83440592407ec6a72d24440f00101f9017be9270000000000c00208
191,5194698f728bbc344059801a79c608d34440f00103f9011ca0ba5b0100000092030b4c6f64676520486f74656c,Lodge Hotel,20.7365028,41.6487053,"Lodge Hotel, R2235, 1245 Mavrovo, North Macedonia",NR,unknown,5146e65e14baa83440592407ec6a72d24440f00101f9017be9270000000000c00208
192,516464da482370354059e77bb6a915004540f00103f9011729602402000000920303446f61,Doa,21.4380384,42.0006611,"Doa, 190, 100 Skopje, North Macedonia",NR,unknown,5156212fb5ef6f354059839fddc60b004540f00103f90194ec289601000000c002019203054f68726964
193,514a8567f8057035405948cf86f2f4ff4440f00103f90192ec2896010000009203074465206b6f6b61,De koka,21.4375911,41.9996627,"De koka, Bitpazarska, 100 Skopje, North Macedonia",NR,unknown,5156212fb5ef6f354059839fddc60b004540f00103f90194ec289601000000c002019203054f68726964
194,5181c52b5aca6f3540595c68ebd621004540f00103f901440b119601000000920302524d,RM,21.4366814,42.0010327,"RM, Leblebidziska, 100 Skopje, North Macedonia",NR,unknown,5156212fb5ef6f354059839fddc60b004540f00103f90194ec289601000000c002019203054f68726964
195,519f1a2fdd2470354059223ccdae20004540f00103f9016066415801000000920313d0a5d0bed182d0b5d0bb20d090d0bbd0b5d0bd,Hotel Alen,21.4380625,42.0009974,"Hotel Aen, 191, 100 Skopje, North Macedonia",NR,unknown,5156212fb5ef6f354059839fddc60b004540f00103f90194ec289601000000c002019203054f68726964
196,518deb843c2770354059848f86eeedff4440f00103f901727557c80000000092030d486f74656c204465204b4f4b41,Hotel De KOKA,21.4380987,41.9994486,"Hotel De KOKA, Krste Misirkov 5, 1000 Skopje, North Macedonia",3,unknown,5156212fb5ef6f354059839fddc60b004540f00103f90194ec289601000000c002019203054f68726964
197,512e82b5204a70354059cc334fa4eaff4440f00102f901b40159070000000092030753757065722038,Super 8,21.4386311,41.9993482,"Super 8, Goce Delcev Boulevard, 1000 Skopje, North Macedonia",NR,hotel,5156212fb5ef6f354059839fddc60b004540f00103f90194ec289601000000c002019203054f68726964
198,513ca31731ad6f354059c4348e3e36004540f00102f90159f04d1c000000009203124275736869205265736f7274202620537061,Bushi Resort & Spa,21.436267266304,42.00176035,"Bushi Resort & Spa, Bozidar Adzija 21, 1000 Skopje, North Macedonia",5,hotel,5156212fb5ef6f354059839fddc60b004540f00103f90194ec289601000000c002019203054f68726964
199,518e4d6d67d06f3540590f64502038004540f00102f9015cf04d1c00000000920310486f74656c204f6c642042617a616172,Hotel Old Bazaar,21.4367474449343,42.00173545,"Hotel Old Bazaar, Kavtandziska 105, 1000 Skopje, North Macedonia",NR,hotel,5156212fb5ef6f354059839fddc60b004540f00103f90194ec289601000000c002019203054f68726964
200,513a6f8b585470354059b023bd7735004540f00102f90179e3840a0000000092030a486f74656c2041726b61,Hotel Arka,21.4387957571429,42.0016401,"Hotel Arka, Bitpazarska 90/2, 1000 Skopje, North Macedonia",NR,hotel,5156212fb5ef6f354059839fddc60b004540f00103f90194ec289601000000c002019203054f68726964
201,5154d7eb27ad6f3540599112e78d38004540f00103f9017962199501000000,BUSHI RESORT&SPA,21.4362359,42.0017259,"BUSHI RESORT&SPA, Kjurciska, 1111 Skopje, North Macedonia",NR,unknown,5156212fb5ef6f354059839fddc60b004540f00103f90194ec289601000000c002019203054f68726964
202,51b876a2242470354059d732c85345004540f00103f901902a60240200000092030653616e746f73,Santos,21.4380515,42.0021157,"Santos, Bojadziska, 100 Skopje, North Macedonia",NR,unknown,5156212fb5ef6f354059839fddc60b004540f00103f90194ec289601000000c002019203054f68726964
203,5143fbfd07fd6f354059a12703ec48004540f00103f9010278d96801000000,Denis,21.4374547,42.0022254,"Denis, Saracka, 100 Skopje, North Macedonia",NR,unknown,5156212fb5ef6f354059839fddc60b004540f00103f90194ec289601000000c002019203054f68726964
204,51d8b27c5d86703540596a86dbe12f004540f00102f901967da4160000000092030ed0a5d0b0d0bcd0b1d183d180d0b3,Hamburg,21.43955025,42.00146125,"Hamburg, 113, 100 Skopje, North Macedonia",NR,hotel,5156212fb5ef6f354059839fddc60b004540f00103f90194ec289601000000c002019203054f68726964
205,51a0dff76f5e70354059ad7360d449004540f00103f90145e16ce400000000920308d09ad0bbd0b0d0bd,Klan,21.438941,42.0022531,"Klan, Evlija Äelebija, 100 Skopje, North Macedonia",NR,unknown,5156212fb5ef6f354059839fddc60b004540f00103f90194ec289601000000c002019203054f68726964
206,51e9be9cd9ae70354059794a6c2343004540f00103f901411c6ce40000000092030cd0a1d183d0bbd182d0b0d0bd,Sultan,21.440168,42.0020489,"Sultan, Boulevard Krste Misirkov bb, 100 Skopje, North Macedonia",NR,unknown,5156212fb5ef6f354059839fddc60b004540f00103f90194ec289601000000c002019203054f68726964
207,5153bd46dcad70354059f78df21d46004540f00103f901451c6ce400000000920308d093d0bed0bbd0b4,Gold,21.4401529,42.0021398,"Gold, Boulevard Krste Misirkov 13, 100 Skopje, North Macedonia",NR,unknown,5156212fb5ef6f354059839fddc60b004540f00103f90194ec289601000000c002019203054f68726964
208,51ad8d74cd416f354059cf9e8affa9ff4440f00102f9019052f50100000000920312486f74656c2053746f6e6520427269646765,Hotel Stone Bridge,21.4344837041808,41.99734515,"Hotel Stone Bridge, Kej Dimitar Vlahov 1, 1000 Skopje, North Macedonia",5,hotel,5156212fb5ef6f354059839fddc60b004540f00103f90194ec289601000000c002019203054f68726964
209,514e34fe33396f35405948759880a9ff4440f00103f9011d9f92960100000092030c53746f6e6520427269646765,Stone Bridge,21.4344666,41.9973603,"Stone Bridge, Kej Dimitar Vlahov, 1111 Skopje, North Macedonia",NR,unknown,5156212fb5ef6f354059839fddc60b004540f00103f90194ec289601000000c002019203054f68726964
210,51441621ba8e70354059635b8b5097ff4440f00102f9019331a710000000009203184c757875727920536b6f706a652041706172746d656e7473,Luxury Skopje Apartments,21.4396124123327,41.9968156,"Luxury Skopje Apartments, Pajko Maalo 6, 1000 Skopje, North Macedonia",NR,apartments,5156212fb5ef6f354059839fddc60b004540f00103f90194ec289601000000c002019203054f68726964
211,518c7a2d8d04e3364059499299a086e14440f00103f901a782975601000000920315d0a5d0bed182d0b5d0bb20d093d0bed0b3d0bed0b2,Hotel Gogov,22.8867882,41.761921,"Hotel Gogov, Raven, Pehchevo, North Macedonia",NR,unknown,51692f473426e336405952cebcc1bce14440f00101f901b6b1680000000000c00208
212,51cdb2ddf3b29e354059bbf6b93c31f84440f00103f901dce8e34d010000009203064d6972726f72,Mirror,21.6199181,41.9390026,"Mirror, Ulica 11, 1034 Petrovec, North Macedonia",NR,unknown,51f69be4a2b59d3540594c4ae6fd24f84440f00101f901221b6a0000000000c00207
213,51742909e46d3e364059621625e362b44440f00103f90119d43477000000009203054c6f766563,Lovec,22.2438643,41.4092678,"Lovec, 11ti Oktomvri, 1442 Demir Kapija, North Macedonia",NR,unknown,51e77283a10e41364059c56867e267b44440f00103f901f41d277800000000c0020192030b4d61726b6f762047726164
214,51e967ea758b3a364059e2c1a2783ab54440f00103f90105519d86010000009203074d6f6465726e61,Moderna,22.2286905,41.4158469,"Moderna, A113, 1442 Demir Kapija, North Macedonia",NR,unknown,51e77283a10e41364059c56867e267b44440f00103f901f41d277800000000c0020192030b4d61726b6f762047726164
215,5113c25900092d3640598451f28524004540f00103f9012a7d711c00000000920319d0a6d180d0b5d188d0bed0b2d0be20d0a2d0bed0bfd187d0b5,Cresovo Topce,22.1759186,42.0011146,"Cresovo Topce, Leninova, Kalnishte, North Macedonia",NR,unknown,51179925a6b02d364059a32314b6faff4440f00101f9015be7660000000000c00208
216,5102412553aa153540596e7abb360a774440f00103f9016573056c00000000920309486f74656c204d5652,Hotel MVR,21.0846302,40.9299992,"Hotel MVR, L50928, Krani, North Macedonia",NR,unknown,513e096ccec11b354059a4d46f7033784440f00101f901adf6620000000000c00208
217,51f749a4236f03354059fe438bef7a8b4440f00103f901db622e2e0000000092030ad09ad0b8d182d0bad0b0,Kitka,21.0134146,41.0896892,"Kitka, 11 Oktomvri, Resen, North Macedonia",NR,unknown,51cdcea2772a023540598e8e50d8ea8a4440f00101f90167f1620000000000c00208
218,510aef7211dfb5344059896567d7bd954440f00103f90145d81a950000000092030c56696c6120454e48414c4f4e,Vila ENHALON,20.710435,41.169856,"Vila ENHALON, L31220 86, 6330 Misleshevo, North Macedonia",NR,unknown,51bf620d17b9b5344059b8d33142d3974440f00101f90147db620000000000c00208
219,519f4bdd3aa4b534405905d55180cd954440f00103f901d72281b10000000092030a56696c6c6120526f7361,Villa Rosa,20.7095372,41.1703339,"Villa Rosa, L31220, 6330 Misleshevo, North Macedonia",NR,unknown,51bf620d17b9b5344059b8d33142d3974440f00101f90147db620000000000c00208
220,515604ff5bc9b4344059666ea362f7954440f00103f9016cda8d1a0000000092030d486f74656c204555524f54454c,Hotel EUROTEL,20.7061975,41.1716121,"Hotel EUROTEL, R1208, 36330 Misleshevo, North Macedonia",NR,unknown,51bf620d17b9b5344059b8d33142d3974440f00101f90147db620000000000c00208
221,51e58ddd4fd7a6364059996b23f4d8b44440f00103f901d1df8b1b00000000920317d0a5d0bed182d0b5d0bb20d0a1d0b8d180d0b8d183d181,Hotel Sirius,22.6517229,41.4128709,"Hotel Sirius, R1402, MK-2400 Kuklish, North Macedonia",NR,unknown,51d768de16d1a936405979ac1919e4b34440f00101f901e9e8680000000000c00208
222,512ff6511b7a693540591530095668054540f00102f901b4b0160200000000920318d0a5d0bed182d0b5d0bb20d08ad18320d0a1d182d0b0d180,Hotel Nju Star,21.4120545564717,42.04214655,"Hotel New Star, Garsija Lorka, 1010 Skopje, North Macedonia",NR,unknown,51cdcccccccc6c35405985eb51b81e054540c00208e2031f77686f736f6e66697273743a6c6f63616c6974793a31323236333738373339
223,513016e1815c69354059c8e1860e70054540f00103f90159995dea000000009203084e65772053746172,New Star,21.4115678,42.0424822,"New Star, Hasan Prishtina, 1020 Vizbegovo, North Macedonia",NR,unknown,51cdcccccccc6c35405985eb51b81e054540c00208e2031f77686f736f6e66697273743a6c6f63616c6974793a31323236333738373339
224,51e641d5438f67354059e2c76005f8034540f00103f901d20d6de40000000092030cd09bd183d0bad181d0bed180,Luksor,21.4045298,42.0310065,"Luxor, Momin Potok, 1020 Vizbegovo, North Macedonia",NR,unknown,51cdcccccccc6c35405985eb51b81e054540c00208e2031f77686f736f6e66697273743a6c6f63616c6974793a31323236333738373339
225,5148b258d47168354059c44f9073f6014540f00103f901ddd670e40000000092030ed092d0b5d180d0b3d0b8d0bdd0b0,Vergina,21.4079869,42.0153336,"Vergina, 8 Septemvri, 1020 Skopje, North Macedonia",NR,unknown,51cdcccccccc6c35405985eb51b81e054540c00208e2031f77686f736f6e66697273743a6c6f63616c6974793a31323236333738373339
226,51f1ef332e1c67354059cddd0bc2cb014540f00102f9019442160900000000920317d09fd0bed180d182d0b0d0bb20d185d0bed182d0b5d0bb,Portal hotel,21.40277375,42.0140307,"Hotel Portal, Skupi, 1020 Skopje, North Macedonia",NR,hotel,51cdcccccccc6c35405985eb51b81e054540c00208e2031f77686f736f6e66697273743a6c6f63616c6974793a31323236333738373339
227,5140d57b8fd965354059d44e8b0cff014540f00102f901674216090000000092031ad095d0b2d180d0be20d181d0b5d18220d0a5d0bed182d0b5d0bb,Evro set Hotel,21.3978509244955,42.01559595,"Evro set Hotel, Skupi, 1020 Skopje, North Macedonia",NR,hotel,51cdcccccccc6c35405985eb51b81e054540c00208e2031f77686f736f6e66697273743a6c6f63616c6974793a31323236333738373339
228,513dce3461fb71354059106d73fe81014540f00103f90165f3c31f0100000092030a416c626120486f74656c,Alba Hotel,21.445242,42.0117796,"Alba Hotel, Bulevard Cvetan Dimov, 100 Skopje, North Macedonia",NR,unknown,51cdcccccccc6c35405985eb51b81e054540c00208e2031f77686f736f6e66697273743a6c6f63616c6974793a31323236333738373339
229,5101082ebbcf67354059196d889766014540f00102f901127cae0100000000920330d0a5d0bed182d0b5d0bb20e2809ed090d0bbd0b5d0bad181d0b0d0bdd0b4d0b0d18020d09fd0b0d0bbd0b0d181e2809c,Hotel Aleksandar Palas,21.4055134765653,42.01094335,"Aleksandar Palace Hotel, Velosipedska pateka Kej, 1000 Skopje, North Macedonia",NR,hotel,51cdcccccccc6c35405985eb51b81e054540c00208e2031f77686f736f6e66697273743a6c6f63616c6974793a31323236333738373339
230,511fb8afb6376d354059fd52f786d8004540f00102f90174cdf501000000009203105061726b20486f74656c202620537061,Park Hotel & Spa,21.4268767894038,42.0065254,"Park Hotel & Spa, Velosipedska pateka Kej, 1000 Skopje, North Macedonia",NR,hotel,51cdcccccccc6c35405985eb51b81e054540c00208e2031f77686f736f6e66697273743a6c6f63616c6974793a31323236333738373339
231,51a9903c21856a354059952e2a8ea8004540f00103f901d6036fe40000000092030cd0a1d0bad0bed0bfd198d0b5,Skopje,21.4160939,42.0051439,"Andon Dukov 27, 1000 Skopje, North Macedonia",NR,unknown,51cdcccccccc6c35405985eb51b81e054540c00208e2031f77686f736f6e66697273743a6c6f63616c6974793a31323236333738373339
232,5154c9b6c2aa6c3540592650fcb37a004540f00103f9017d8ed2180000000092030ad09ad0b0d0bdd0b5d182,Kanet,21.4244806,42.0037446,"Kanet, Naum Naumovski Borce, 1111 Skopje, North Macedonia",NR,unknown,51cdcccccccc6c35405985eb51b81e054540c00208e2031f77686f736f6e66697273743a6c6f63616c6974793a31323236333738373339
233,51df90f02b026d3540595a21e08972004540f00102f9011e94a41600000000920315d0a2d0bed0bcd187d0b520d0a1d0bed184d0bad0b0,Tomce Sofka,21.4258128306003,42.00349285,"Tomche Sofka, Jordan Hadzikonstantinov Dzinot 14, 1111 Skopje, North Macedonia",NR,hotel,51cdcccccccc6c35405985eb51b81e054540c00208e2031f77686f736f6e66697273743a6c6f63616c6974793a31323236333738373339
234,51d092fab1126d354059c39206326e004540f00102f9011c94a41600000000920325d0a1d0bed184d0bad0b020d09fd0b0d180d0ba202d20d09ad0b0d19820d095d184d182d0be,Sofka Park - Kaj Efto,21.4260665103481,42.0033629,"Sofka Park - Kaj Efto, Jordan Hadzikonstantinov Dzinot, 1111 Skopje, North Macedonia",NR,hotel,51cdcccccccc6c35405985eb51b81e054540c00208e2031f77686f736f6e66697273743a6c6f63616c6974793a31323236333738373339
235,5113f2c5c99f6c35405970406a584c004540f00102f90182f5500d00000000920320d0a5d0bed182d0b5d0bb20d0a0d0b5d0b7d0b8d0b4d0b5d0bdd18120d098d0bd,Hotel Rezidens In,21.4243050150365,42.00231235,"Hotel Residence Inn, Kole Nedelkovski 6, 1000 Skopje, North Macedonia",3,hotel,51cdcccccccc6c35405985eb51b81e054540c00208e2031f77686f736f6e66697273743a6c6f63616c6974793a31323236333738373339
236,510d6e7cfb126c354059630165634e004540f00102f901edd9dc0f0000000092030f486f74656c2043697479205061726b,Hotel City Park,21.4221635543586,42.0023933,"Hotel City Park, Mihail Cokov 8A, 1000 Skopje, North Macedonia",NR,hotel,51cdcccccccc6c35405985eb51b81e054540c00208e2031f77686f736f6e66697273743a6c6f63616c6974793a31323236333738373339
237,513ca31731ad6f354059c4348e3e36004540f00102f90159f04d1c000000009203124275736869205265736f7274202620537061,Bushi Resort & Spa,21.436267266304,42.00176035,"Bushi Resort & Spa, Bozidar Adzija 21, 1000 Skopje, North Macedonia",5,hotel,51cdcccccccc6c35405985eb51b81e054540c00208e2031f77686f736f6e66697273743a6c6f63616c6974793a31323236333738373339
238,5143fbfd07fd6f354059a12703ec48004540f00103f9010278d96801000000,Denis,21.4374547,42.0022254,"Denis, Saracka, 100 Skopje, North Macedonia",NR,unknown,51cdcccccccc6c35405985eb51b81e054540c00208e2031f77686f736f6e66697273743a6c6f63616c6974793a31323236333738373339
239,51b876a2242470354059d732c85345004540f00103f901902a60240200000092030653616e746f73,Santos,21.4380515,42.0021157,"Santos, Bojadziska, 100 Skopje, North Macedonia",NR,unknown,51cdcccccccc6c35405985eb51b81e054540c00208e2031f77686f736f6e66697273743a6c6f63616c6974793a31323236333738373339
240,51a0dff76f5e70354059ad7360d449004540f00103f90145e16ce400000000920308d09ad0bbd0b0d0bd,Klan,21.438941,42.0022531,"Klan, Evlija Celebija, 100 Skopje, North Macedonia",NR,unknown,51cdcccccccc6c35405985eb51b81e054540c00208e2031f77686f736f6e66697273743a6c6f63616c6974793a31323236333738373339
241,517ecffef62b81364059669fd1c9f7f04440f00103f9016f1e838b0100000092030d43656e7472616c20486f74656c,Central Hotel,22.5045771,41.8825619,"Central Hotel, Pionerska, 2310 Vinica, North Macedonia",NR,unknown,516592ec6c2381364059b0cd21043ff14440f00101f9019b98680000000000c00207
